"name";"ingredients"
"Adhirasam";"elachi"
"Adhirasam";"vegetable oil"
"Adhirasam";"ghee"
"Adhirasam";"jaggery"
"Adhirasam";"Rice flour"
"Aloo gobi";"curry leaves"
"Aloo gobi";"turmeric"
"Aloo gobi";"garam masala"
"Aloo gobi";"potato"
"Aloo gobi";"Cauliflower"
"Aloo matar";"garlic"
"Aloo matar";"garam masala"
"Aloo matar";"ginger"
"Aloo matar";"chillies"
"Aloo matar";"peas"
"Aloo matar";"Potato"
"Aloo methi";"oil"
"Aloo methi";"salt"
"Aloo methi";"chillies"
"Aloo methi";"fenugreek leaves"
"Aloo methi";"Potato"
"Aloo shimla mirch";"salt"
"Aloo shimla mirch";"amchur powder"
"Aloo shimla mirch";"garam masala"
"Aloo shimla mirch";"shimla mirch"
"Aloo shimla mirch";"Potato"
"Aloo tikki";"salt"
"Aloo tikki";"garam masala"
"Aloo tikki";"bread crumbs"
"Aloo tikki";"potato"
"Aloo tikki";"Rice flour"
"Alu Pitika";"green chillies"
"Alu Pitika";"fish"
"Alu Pitika";"mustard oil"
"Alu Pitika";"Potatoes"
"Amti";"hot water"
"Amti";"mustard seeds"
"Amti";"curry leaves"
"Amti";"arhar dal"
"Amti";"Kala masala"
"Anarsa";"khus-khus seeds"
"Anarsa";"jaggery"
"Anarsa";"Rice flour"
"Ariselu";"ghee"
"Ariselu";"jaggery"
"Ariselu";"Rice flour"
"Attu";"green chilli"
"Attu";"kala jeera"
"Attu";"ginger"
"Attu";"arhar dal"
"Attu";"Whole wheat flour"
"Avial";"urad dal"
"Avial";"tindora"
"Avial";"long beans"
"Avial";"elephant foot yam"
"Avial";"Raw banana"
"Bajri no rotlo";"hot water"
"Bajri no rotlo";"pearl millet flour"
"Bajri no rotlo";"Wheat flour"
"Balu shahi";"sugar"
"Balu shahi";"oil"
"Balu shahi";"yogurt"
"Balu shahi";"Maida flour"
"Bandar laddu";"sugar"
"Bandar laddu";"jaggery syrup"
"Bandar laddu";"cashews and raisins"
"Bandar laddu";"ghee"
"Bandar laddu";"cardamom powder"
"Bandar laddu";"jaggery"
"Bandar laddu";"Besan"
"Basundi";"nuts"
"Basundi";"milk"
"Basundi";"Sugar"
"Bebinca";"all purpose flour"
"Bebinca";"clarified butter"
"Bebinca";"egg yolks"
"Bebinca";"Coconut milk"
"Beef Fry";"chili powder"
"Beef Fry";"green chilies"
"Beef Fry";"curry leaves"
"Beef Fry";"garam masala"
"Beef Fry";"coconut"
"Beef Fry";"Beef"
"Bengena Pitika";"coriander"
"Bengena Pitika";"sesame seeds"
"Bengena Pitika";"salt"
"Bengena Pitika";"onions"
"Bengena Pitika";"Brinjal"
"Bhakri";"sesame seeds"
"Bhakri";"Jowar flour"
"Bhatura";"baking soda"
"Bhatura";"plain flour"
"Bhatura";"yogurt"
"Bhatura";"rava"
"Bhatura";"Chole"
"Bhindi masala";"chili powder"
"Bhindi masala";"tomatoes"
"Bhindi masala";"kasuri methi"
"Bhindi masala";"garam masala"
"Bhindi masala";"Ladies finger"
"Bilahi Maas";"bay leaf"
"Bilahi Maas";"mustard oil"
"Bilahi Maas";"tomatoes"
"Bilahi Maas";"garam masala"
"Bilahi Maas";"Potatoes"
"Biryani";"green chillies"
"Biryani";"sweet"
"Biryani";"star anise"
"Biryani";"basmati rice"
"Biryani";"Chicken thighs"
"Bisi bele bath";"french beans"
"Bisi bele bath";"green peas"
"Bisi bele bath";"urad dal"
"Bisi bele bath";"chana dal"
"Bisi bele bath";"Split pigeon peas"
"Black rice";"garlic powder"
"Black rice";"slivered almonds"
"Black rice";"olive oil"
"Black rice";"chicken"
"Black rice";"Forbidden black rice"
"Bombil fry";"green chilies"
"Bombil fry";"bombay rava"
"Bombil fry";"rice flour"
"Bombil fry";"malvani masala"
"Bombil fry";"Bombay duck"
"Boondi";"sugar"
"Boondi";"ghee"
"Boondi";"Gram flour"
"Bora Sawul";"mustard seeds"
"Bora Sawul";"whole red"
"Bora Sawul";"yellow moong daal"
"Bora Sawul";"mixed vegetables"
"Bora Sawul";"Biryani masala"
"Brown Rice";"olive oil"
"Brown Rice";"soy sauce"
"Brown Rice";"Brown rice"
"Butter chicken";"butter"
"Butter chicken";"cashew nuts"
"Butter chicken";"garam masala powder"
"Butter chicken";"cream"
"Butter chicken";"greek yogurt"
"Butter chicken";"Chicken"
"Chak Hao Kheer";"cardamom"
"Chak Hao Kheer";"sugar"
"Chak Hao Kheer";"milk"
"Chak Hao Kheer";"Rice"
"Chakali";"red chilli"
"Chakali";"turmeric"
"Chakali";"plain flour"
"Chakali";"sesame"
"Chakali";"Rice flour"
"Cham cham";"coconut flakes"
"Cham cham";"lemon juice"
"Cham cham";"saffron"
"Cham cham";"sugar"
"Cham cham";"cream"
"Cham cham";"Flour"
"Chana masala";"avocado oil"
"Chana masala";"red onion"
"Chana masala";"ginger"
"Chana masala";"garam masala"
"Chana masala";"tomato paste"
"Chana masala";"Chickpeas"
"Chapati";"all purpose flour"
"Chapati";"hot water"
"Chapati";"olive oil"
"Chapati";"Whole wheat flour"
"Cheera Doi";"curd"
"Cheera Doi";"mango"
"Cheera Doi";"Rice"
"Chevdo";"chana daal"
"Chevdo";"sugar"
"Chevdo";"raisins"
"Chevdo";"fry"
"Chevdo";"Citric acid"
"Chhena jalebi";"ghee"
"Chhena jalebi";"sugar"
"Chhena jalebi";"Chhena"
"Chhena kheeri";"milk"
"Chhena kheeri";"sugar"
"Chhena kheeri";"Chhena"
"Chhena poda";"chenna cheese"
"Chhena poda";"Sugar"
"Chicken razala";"saffron"
"Chicken razala";"cashew nuts"
"Chicken razala";"garam masala powder"
"Chicken razala";"sesame seeds"
"Chicken razala";"dahi"
"Chicken razala";"Chicken"
"Chicken Tikka";"whole egg"
"Chicken Tikka";"garam masala powder"
"Chicken Tikka";"rice flour"
"Chicken Tikka";"whole wheat bread"
"Chicken Tikka";"Chicken"
"Chicken Tikka masala";"garam masala"
"Chicken Tikka masala";"heavy cream"
"Chicken Tikka masala";"skinless chicken breasts"
"Chicken Tikka masala";"tomato sauce"
"Chicken Tikka masala";"Naan bread"
"Chicken Varuval";"cinnamon"
"Chicken Varuval";"tomato"
"Chicken Varuval";"ginger"
"Chicken Varuval";"chicken chunks"
"Chicken Varuval";"Meat curry powder"
"Chikki";"jaggery"
"Chikki";"Peanuts"
"Chingri Bhape";"green chili"
"Chingri Bhape";"mustard seed"
"Chingri Bhape";"curd"
"Chingri Bhape";"prawns"
"Chingri Bhape";"Coconut"
"Chingri malai curry";"red onion"
"Chingri malai curry";"ginger"
"Chingri malai curry";"fresh green chilli"
"Chingri malai curry";"lobster"
"Chingri malai curry";"Coconut milk"
"Chole bhature";"cinnamon stick"
"Chole bhature";"bay leaf"
"Chole bhature";"garam masala"
"Chole bhature";"bhatura"
"Chole bhature";"Chole"
"Chorafali";"black salt"
"Chorafali";"baking soda"
"Chorafali";"dried mango"
"Chorafali";"bengal gram flour"
"Chorafali";"Urad dal"
"Churma Ladoo";"gur"
"Churma Ladoo";"dry coconut"
"Churma Ladoo";"sesame seeds"
"Churma Ladoo";"khus khus"
"Churma Ladoo";"Whole wheat flour"
"Coconut vadi";"cashews"
"Coconut vadi";"almonds"
"Coconut vadi";"desiccated coconut"
"Coconut vadi";"mawa"
"Coconut vadi";"Condensed milk"
"Copra paak";"desiccated coconut"
"Copra paak";"red food coloring"
"Copra paak";"coconut ice"
"Copra paak";"nestle cream"
"Copra paak";"Condensed milk"
"Currivepillai sadam ";"curry leaves"
"Currivepillai sadam ";"sesame seeds"
"Currivepillai sadam ";"fresh coconut"
"Currivepillai sadam ";"urad dal"
"Currivepillai sadam ";"Chana dal"
"Daal baati churma";"almond"
"Daal baati churma";"wheat flour"
"Daal baati churma";"chana dal"
"Daal baati churma";"masoor dal"
"Daal baati churma";"Moong dal"
"Daal Dhokli";"bengal gram flour"
"Daal Dhokli";"gur"
"Daal Dhokli";"kokum"
"Daal Dhokli";"dal"
"Daal Dhokli";"Whole wheat flour"
"Daal puri";"all purpose flour"
"Daal puri";"green chilli"
"Daal puri";"garlic"
"Daal puri";"garam masala powder"
"Daal puri";"Moong dal"
"Dahi vada";"tamarind"
"Dahi vada";"dates"
"Dahi vada";"garam masala"
"Dahi vada";"bhuna chana"
"Dahi vada";"Urad dal"
"Dal makhani ";"chili powder"
"Dal makhani ";"garam masala"
"Dal makhani ";"cream"
"Dal makhani ";"urad dal"
"Dal makhani ";"Red kidney beans"
"Dal tadka";"kasuri methi"
"Dal tadka";"red onion"
"Dal tadka";"ginger"
"Dal tadka";"garam masala"
"Dal tadka";"Pigeon peas"
"Dalithoy";"red chilli"
"Dalithoy";"mustard seeds"
"Dalithoy";"curry leaves"
"Dalithoy";"coconut oil"
"Dalithoy";"Arhar dal"
"Dharwad pedha";"Dharwadi buffalo milk"
"Dharwad pedha";"Sugar"
"Dharwad pedha";"Milk"
"Dhokla";"sesame"
"Dhokla";"mustard"
"Dhokla";"gram flour"
"Dhokla";"coconut"
"Dhokla";"Rava"
"Dhondas";"rava"
"Dhondas";"Cucumber"
"Doodhpak";"dry fruits"
"Doodhpak";"sugar"
"Doodhpak";"rice"
"Doodhpak";"Milk"
"Dosa";"rock salt"
"Dosa";"blend rice"
"Dosa";"whole urad dal"
"Dosa";"urad dal"
"Dosa";"Chana dal"
"Double ka meetha";"milk"
"Double ka meetha";"Loaf bread"
"Dudhi halwa";"clarified butter"
"Dudhi halwa";"sugar"
"Dudhi halwa";"raisins"
"Dudhi halwa";"green"
"Dudhi halwa";"Bottle gourd"
"Dum aloo";"tomatoes"
"Dum aloo";"kasuri methi"
"Dum aloo";"cashew nuts"
"Dum aloo";"garam masala"
"Dum aloo";"Baby potatoes"
"Fara";"garam masala powder"
"Fara";"white urad dal"
"Fara";"arhar dal"
"Fara";"whole wheat flour"
"Fara";"Chana dal"
"Farsi Puri";"black pepper"
"Farsi Puri";"white flour"
"Farsi Puri";"oil"
"Farsi Puri";"clarified butter"
"Farsi Puri";"Semolina"
"Gajar ka halwa";"raisins"
"Gajar ka halwa";"cashews"
"Gajar ka halwa";"ghee"
"Gajar ka halwa";"sugar"
"Gajar ka halwa";"milk"
"Gajar ka halwa";"Carrots"
"Galho";"pork"
"Galho";"chillies"
"Galho";"water"
"Galho";"salt"
"Galho";"axone"
"Galho";"Rice"
"Gatta curry";"gram flour"
"Gatta curry";"garam masala powder"
"Gatta curry";"sauce"
"Gatta curry";"besan"
"Gatta curry";"Yogurt"
"Gavvalu";"semolina"
"Gavvalu";"ghee"
"Gavvalu";"salt"
"Gavvalu";"sugar"
"Gavvalu";"Rice flour"
"Gheela Pitha";"orange rind"
"Gheela Pitha";"jaggery"
"Gheela Pitha";"rice flour"
"Gheela Pitha";"Sticky rice"
"Ghevar";"green cardamom"
"Ghevar";"saffron"
"Ghevar";"pistachio"
"Ghevar";"almonds"
"Ghevar";"sugar"
"Ghevar";"clarified butter"
"Ghevar";"milk"
"Ghevar";"kewra"
"Ghevar";"ghee"
"Ghevar";"Flour"
"Ghooghra";"all purpose flour"
"Ghooghra";"semolina"
"Ghooghra";"Dry fruits"
"Goja";"all purpose flour"
"Goja";"oil"
"Goja";"clarified butter"
"Goja";"Baking soda"
"Gud papdi";"sliced almonds"
"Gud papdi";"clarified butter"
"Gud papdi";"jaggery"
"Gud papdi";"Wheat flour"
"Gulab jamun";"rose water"
"Gulab jamun";"water"
"Gulab jamun";"sugar"
"Gulab jamun";"milk"
"Gulab jamun";"ghee"
"Gulab jamun";"baking powder"
"Gulab jamun";"plain flour"
"Gulab jamun";"Milk powder"
"Halvasan";"litre milk"
"Halvasan";"edible gum"
"Halvasan";"lemon"
"Halvasan";"chia seed"
"Halvasan";"Whole wheat rava"
"Hando Guri";"raisins"
"Hando Guri";"Jaggery"
"Handwo";"toor dal"
"Handwo";"urad dal"
"Handwo";"cabbage"
"Handwo";"chana dal"
"Handwo";"Bottle gourd"
"Haq Maas";"bay leaf"
"Haq Maas";"turmeric"
"Haq Maas";"curd"
"Haq Maas";"garam masala powder"
"Haq Maas";"Lamb"
"Idiappam";"grated coconut"
"Idiappam";"hot water"
"Idiappam";"Rice flour"
"Idli";"rock salt"
"Idli";"thick poha"
"Idli";"idli rice"
"Idli";"urad dal"
"Idli";"Split urad dal"
"Imarti";"lentil flour"
"Imarti";"Sugar syrup"
"Jalebi";"cardamom"
"Jalebi";"saffron"
"Jalebi";"turmeric"
"Jalebi";"water"
"Jalebi";"curd"
"Jalebi";"vinegar"
"Jalebi";"baking soda"
"Jalebi";"corn flour"
"Jalebi";"Maida"
"Jeera Aloo";"boiled potatoes"
"Jeera Aloo";"chili powder"
"Jeera Aloo";"lemon juice"
"Jeera Aloo";"Green chilies"
"Kaara kozhambu";"tomato"
"Kaara kozhambu";"sambar powder"
"Kaara kozhambu";"tamarind paste"
"Kaara kozhambu";"drumstick"
"Kaara kozhambu";"Sesame oil"
"Kabiraji";"ginger"
"Kabiraji";"mint"
"Kabiraji";"lemon"
"Kabiraji";"besan"
"Kabiraji";"Fish fillet"
"Kachori";"fennel seeds"
"Kachori";"dough"
"Kachori";"garam masala"
"Kachori";"rava"
"Kachori";"Moong dal"
"Kadai paneer";"cashew nuts"
"Kadai paneer";"garam masala"
"Kadai paneer";"gravy"
"Kadai paneer";"bell peppers"
"Kadai paneer";"Cottage cheese"
"Kadhi pakoda";"curry leaves"
"Kadhi pakoda";"ginger"
"Kadhi pakoda";"gram flour"
"Kadhi pakoda";"garam masala powder"
"Kadhi pakoda";"Besan"
"Kajjikaya";"coconut"
"Kajjikaya";"jaggery"
"Kajjikaya";"Rice flour"
"Kaju katli";"sugar"
"Kaju katli";"cardamom"
"Kaju katli";"ghee"
"Kaju katli";"Cashews"
"Kakinada khaja";"sugar"
"Kakinada khaja";"Wheat flour"
"Kalakand";"sugar"
"Kalakand";"cottage cheese"
"Kalakand";"Milk"
"Kanji";"black salt"
"Kanji";"red chilli"
"Kanji";"yellow mustard"
"Kanji";"Carrot"
"Kansar";"rapeseed oil"
"Kansar";"cashews"
"Kansar";"Wheat flour"
"Karela bharta";"amchur powder"
"Karela bharta";"chili powder"
"Karela bharta";"garam masala powder"
"Karela bharta";"fennel"
"Karela bharta";"Bitter gourd"
"Keerai kootu";"coconut oil"
"Keerai kootu";"urad dal"
"Keerai kootu";"spinach"
"Keerai kootu";"chana dal"
"Keerai kootu";"Moong dal"
"Keerai masiyal";"spinach"
"Keerai masiyal";"mustard seeds"
"Keerai masiyal";"sugar"
"Keerai masiyal";"curry leaves"
"Keerai masiyal";"Urad dal"
"Keerai poriyal";"red chilli"
"Keerai poriyal";"grated coconut"
"Keerai poriyal";"mustard seeds"
"Keerai poriyal";"split urad dal"
"Keerai poriyal";"Amaranth leaves"
"Keerai sadam";"fenugreek seeds"
"Keerai sadam";"mustard seeds"
"Keerai sadam";"tomato"
"Keerai sadam";"Greens"
"Keri no ras";"sugar"
"Keri no ras";"Mango"
"Khakhra";"bengal gram flour"
"Khakhra";"low fat"
"Khakhra";"Whole wheat flour"
"Khaman";"gram flour"
"Khaman";"semolina"
"Khaman";"sesame seeds"
"Khaman";"fresh coconut"
"Khaman";"Yogurt"
"Khandvi";"green chili"
"Khandvi";"curry leaves"
"Khandvi";"gram flour"
"Khandvi";"white sesame seeds"
"Khandvi";"Green chili paste"
"Khar";"fennel seeds"
"Khar";"mustard oil"
"Khar";"nigella seeds"
"Khar";"panch phoran masala"
"Khar";"Raw papaya"
"Kheer";"dried fruits"
"Kheer";"sugar"
"Kheer";"rice"
"Kheer";"Milk"
"Kheer sagar";"cardamom"
"Kheer sagar";"saffron"
"Kheer sagar";"sugar"
"Kheer sagar";"condensed milk"
"Kheer sagar";"Chenna"
"Khichdi";"green chili"
"Khichdi";"tomato"
"Khichdi";"ginger"
"Khichdi";"green peas"
"Khichdi";"Moong dal"
"Khichu";"peanut oil"
"Khichu";"baking soda"
"Khichu";"sesame seeds"
"Khichu";"Rice flour"
"Khorisa";"mustard oil"
"Khorisa";"green"
"Khorisa";"ginger"
"Khorisa";"potato"
"Khorisa";"Fermented bamboo shoot"
"Kofta";"garam masala"
"Kofta";"corn flour"
"Kofta";"cream"
"Kofta";"potato"
"Kofta";"Paneer"
"Koldil Chicken";"lemon juice"
"Koldil Chicken";"mustard oil"
"Koldil Chicken";"green chili"
"Koldil Chicken";"chicken"
"Koldil Chicken";"Banana flower"
"Koldil Duck";"baking powder"
"Koldil Duck";"olive oil"
"Koldil Duck";"gram flour"
"Koldil Duck";"banana"
"Koldil Duck";"mutton"
"Koldil Duck";"Rice flour"
"Kolim Jawla";"ginger"
"Kolim Jawla";"fresh coconut"
"Kolim Jawla";"coconut oil"
"Kolim Jawla";"fish"
"Kolim Jawla";"Baingan"
"Kombdi vade";"turmeric"
"Kombdi vade";"gram flour"
"Kombdi vade";"wheat flour"
"Kombdi vade";"urad dal"
"Kombdi vade";"Rice flour"
"Konir Dom";"cinnamon stick"
"Konir Dom";"bay leaf"
"Konir Dom";"mustard oil"
"Konir Dom";"tomatoes"
"Konir Dom";"Aloo"
"Kootu";"peas"
"Kootu";"beans"
"Kootu";"potato"
"Kootu";"urad dal"
"Kootu";"Chana dal"
"Kos kootu";"curry leaves"
"Kos kootu";"tamarind"
"Kos kootu";"cabbage"
"Kos kootu";"chana dal"
"Kos kootu";"Moong dal"
"Koshambri";"lemon juice"
"Koshambri";"green chili"
"Koshambri";"curry leaves"
"Koshambri";"cucumber"
"Koshambri";"Moong dal"
"Koshimbir";"cilantro"
"Koshimbir";"tomatoes"
"Koshimbir";"carrot"
"Koshimbir";"Cucumber"
"Kothamali sadam";"curry leaves"
"Kothamali sadam";"raw rice"
"Kothamali sadam";"gooseberry"
"Kothamali sadam";"urad dal"
"Kothamali sadam";"Chana dal"
"Kulfi falooda";"sugar"
"Kulfi falooda";"saffron"
"Kulfi falooda";"mixed nuts"
"Kulfi falooda";"falooda sev"
"Kulfi falooda";"Rose syrup"
"Kumol Sawul";"beetroot"
"Kumol Sawul";"carrot"
"Kumol Sawul";"eggs"
"Kumol Sawul";"Rice"
"Kutchi dabeli";"star anise"
"Kutchi dabeli";"pomegranate"
"Kutchi dabeli";"peanut"
"Kutchi dabeli";"aloo"
"Kutchi dabeli";"Pav"
"Kuzhakkattai";"grated coconut"
"Kuzhakkattai";"jaggery"
"Kuzhakkattai";"raw rice"
"Kuzhakkattai";"Sesame oil"
"Kuzhambu";"curry leaves"
"Kuzhambu";"tomato"
"Kuzhambu";"drumsticks"
"Kuzhambu";"urad dal"
"Kuzhambu";"Pearl onions"
"Kuzhi paniyaram";"rice"
"Kuzhi paniyaram";"Black lentils"
"Laapsi";"dry roasted"
"Laapsi";"clarified butter"
"Laapsi";"jaggery"
"Laapsi";"Cinnamon"
"Laddu";"sugar"
"Laddu";"ghee"
"Laddu";"Gram flour"
"Lassi";"sugar"
"Lassi";"nuts"
"Lassi";"milk"
"Lassi";"Yogurt"
"Lauki ke kofte";"chillies"
"Lauki ke kofte";"ginger"
"Lauki ke kofte";"gram flour"
"Lauki ke kofte";"garam masala powder"
"Lauki ke kofte";"Bottle gourd"
"Lauki ki subji";"green chillies"
"Lauki ki subji";"ginger"
"Lauki ki subji";"garam masala"
"Lauki ki subji";"coconut oil"
"Lauki ki subji";"Bottle gourd"
"Ledikeni";"ghee"
"Ledikeni";"sugar"
"Ledikeni";"Chhena"
"Lilva Kachori";"plain flour"
"Lilva Kachori";"lemon juice"
"Lilva Kachori";"ginger"
"Lilva Kachori";"fresh green peas"
"Lilva Kachori";"Green garlic chutney"
"Litti chokha";"chilli"
"Litti chokha";"nigella seeds"
"Litti chokha";"tomato"
"Litti chokha";"roasted gram flour"
"Litti chokha";"Wheat flour"
"Luchi";"vegetable oil"
"Luchi";"Maida"
"Lyangcha";"sugar syrup"
"Lyangcha";"fried milk powder"
"Lyangcha";"Flour"
"Maach Jhol";"garlic"
"Maach Jhol";"ginger"
"Maach Jhol";"chillies"
"Maach Jhol";"tomato"
"Maach Jhol";"potol"
"Maach Jhol";"Fish"
"Mag Dhokli";"salt"
"Mag Dhokli";"oil"
"Mag Dhokli";"red chillies"
"Mag Dhokli";"jaggery"
"Mag Dhokli";"Moong beans"
"Mahim halwa";"sugar"
"Mahim halwa";"Semolina"
"Makki di roti sarson da saag";"ginger"
"Makki di roti sarson da saag";"garam masala"
"Makki di roti sarson da saag";"mustard green"
"Makki di roti sarson da saag";"makki atta"
"Makki di roti sarson da saag";"Palak"
"Malapua";"fennel seeds"
"Malapua";"ghee"
"Malapua";"refined flour"
"Malapua";"Yoghurt"
"Masala Dosa";"thick poha"
"Masala Dosa";"idli rice"
"Masala Dosa";"potatoes"
"Masala Dosa";"urad dal"
"Masala Dosa";"Chana dal"
"Masor Koni";"tomato"
"Masor Koni";"turmeric"
"Masor Koni";"mustard oil"
"Masor Koni";"pumpkin flowers"
"Masor Koni";"Fish roe"
"Masor tenga";"mustard oil"
"Masor tenga";"tomatoes"
"Masor tenga";"lemon"
"Masor tenga";"fish"
"Masor tenga";"Ridge gourd"
"Mawa Bati";"all purpose flour"
"Mawa Bati";"arrowroot powder"
"Mawa Bati";"dry fruits"
"Mawa Bati";"Milk powder"
"Methi na Gota";"fenugreek leaves"
"Methi na Gota";"turmeric"
"Methi na Gota";"lemon juice"
"Methi na Gota";"gram flour"
"Methi na Gota";"Rava"
"Mihidana";"ghee"
"Mihidana";"sugar"
"Mihidana";"Besan flour"
"Mishti Chholar Dal";"raisins"
"Mishti Chholar Dal";"cinnamon"
"Mishti Chholar Dal";"ginger"
"Mishti Chholar Dal";"fresh coconut"
"Mishti Chholar Dal";"Chana dal"
"Misi roti";"green chilies"
"Misi roti";"chickpea flour"
"Misi roti";"Whole wheat flour"
"Misti doi";"jaggery"
"Misti doi";"Milk"
"Modak";"jaggery"
"Modak";"coconut"
"Modak";"Rice flour"
"Mohanthal";"saffron"
"Mohanthal";"bengal gram flour"
"Mohanthal";"badam"
"Mohanthal";"pistachio"
"Mohanthal";"Rose water"
"Mushroom do pyaza";"capsicum"
"Mushroom do pyaza";"ginger"
"Mushroom do pyaza";"garam masala"
"Mushroom do pyaza";"malai"
"Mushroom do pyaza";"Mushroom"
"Mushroom matar";"tomatoes"
"Mushroom matar";"garam masala"
"Mushroom matar";"wild mushrooms"
"Mushroom matar";"frozen green peas"
"Mushroom matar";"Canned coconut milk"
"Muthiya";"bengal gram flour"
"Muthiya";"sesame seeds"
"Muthiya";"rava"
"Muthiya";"whole wheat flour"
"Muthiya";"Bottle gourd"
"Mysore pak";"ghee"
"Mysore pak";"sugar"
"Mysore pak";"skimmed milk powder"
"Mysore pak";"coconut"
"Mysore pak";"jaggery"
"Mysore pak";"mung bean"
"Mysore pak";"semolina"
"Mysore pak";"Besan flour"
"Naan";"garlic"
"Naan";"butter"
"Naan";"honey"
"Naan";"Whole wheat flour"
"Namakpara";"sunflower oil"
"Namakpara";"black pepper"
"Namakpara";"all purpose flour"
"Namakpara";"baking soda"
"Namakpara";"Wheat flour"
"Nankhatai";"green cardamom"
"Nankhatai";"yogurt"
"Nankhatai";"powdered sugar"
"Nankhatai";"ghee"
"Nankhatai";"besan"
"Nankhatai";"Refined flour"
"Navrattan korma";"garam masala powder"
"Navrattan korma";"low fat"
"Navrattan korma";"khus khus"
"Navrattan korma";"potatoes"
"Navrattan korma";"Green beans"
"Obbattu holige";"cardamom"
"Obbattu holige";"ghee"
"Obbattu holige";"jaggery"
"Obbattu holige";"chickpeas"
"Obbattu holige";"coconut"
"Obbattu holige";"turmeric"
"Obbattu holige";"Maida flour"
"Pachadi";"mustard seeds"
"Pachadi";"curry leaves"
"Pachadi";"curd"
"Pachadi";"cucumber"
"Pachadi";"Coconut oil"
"Pakhala";"dry chilli"
"Pakhala";"curry leaves"
"Pakhala";"cooked rice"
"Pakhala";"Curd"
"Palak paneer";"butter"
"Palak paneer";"garam masala"
"Palak paneer";"cream"
"Palak paneer";"palak"
"Palak paneer";"Cottage cheese"
"Palathalikalu";"milk"
"Palathalikalu";"Rice flour"
"Paneer butter masala";"butter"
"Paneer butter masala";"cashew nuts"
"Paneer butter masala";"garam masala"
"Paneer butter masala";"whipping cream"
"Paneer butter masala";"Paneer"
"Paneer tikka masala";"bell pepper"
"Paneer tikka masala";"cream"
"Paneer tikka masala";"tandoori masala"
"Paneer tikka masala";"greek yogurt"
"Paneer tikka masala";"Paneer"
"Pani Pitha";"soaked rice"
"Pani Pitha";"dry coconut"
"Pani Pitha";"white sesame seeds"
"Pani Pitha";"Tea leaves"
"Pani puri";"lemon"
"Pani puri";"sev"
"Pani puri";"boondi"
"Pani puri";"mashed potato"
"Pani puri";"Kala chana"
"Paniyaram";"green chilli"
"Paniyaram";"baking soda"
"Paniyaram";"curry leaves"
"Paniyaram";"ginger"
"Paniyaram";"Yogurt"
"Panjeeri";"semolina"
"Panjeeri";"edible gum"
"Panjeeri";"poppy seeds"
"Panjeeri";"musk melon seeds"
"Panjeeri";"Whole wheat flour"
"Pantua";"flour"
"Pantua";"ghee"
"Pantua";"sugar"
"Pantua";"Chhena"
"Papad";"chopped tomatoes"
"Papad";"lemon juice"
"Papad";"sev"
"Papad";"Urad dal"
"Papadum";"vegetable oil"
"Papadum";"black pepper"
"Papadum";"Lentils"
"Paratha";"coriander"
"Paratha";"potato"
"Paratha";"butter"
"Paratha";"Wheat flour"
"Paravannam";"milk"
"Paravannam";"jaggery"
"Paravannam";"Raw rice"
"Paruppu sadam";"fennel seeds"
"Paruppu sadam";"curry leaves"
"Paruppu sadam";"tomato"
"Paruppu sadam";"sambar powder"
"Paruppu sadam";"Arhar dal"
"Patra";"imli"
"Patra";"bengal gram flour"
"Patra";"gur"
"Patra";"sesame seeds"
"Patra";"Arbi ke patte"
"Pattor";"imli"
"Pattor";"bengal gram flour"
"Pattor";"gur"
"Pattor";"sesame seeds"
"Pattor";"Arbi ke patte"
"Pav Bhaji";"dinner rolls"
"Pav Bhaji";"green peas"
"Pav Bhaji";"potatoes"
"Pav Bhaji";"gobi"
"Pav Bhaji";"Pav bhaji masala"
"Payasam";"sugar"
"Payasam";"raisins"
"Payasam";"milk"
"Payasam";"cashew nuts"
"Payasam";"Rice"
"Payokh";"cardamom pods"
"Payokh";"clarified butter"
"Payokh";"sugar"
"Payokh";"rose water"
"Payokh";"Basmati rice"
"Pesarattu";"rice flour"
"Pesarattu";"Green moong beans"
"Petha";"alum powder"
"Petha";"kitchen lime"
"Petha";"sugar"
"Petha";"Firm white pumpkin"
"Phirni";"nuts"
"Phirni";"sugar"
"Phirni";"Rice"
"Pinaca";"ginger powder"
"Pinaca";"black pepper"
"Pinaca";"grated coconut"
"Pinaca";"fennel seeds"
"Pinaca";"Brown rice"
"Pindi chana";"cinnamon"
"Pindi chana";"kasuri methi"
"Pindi chana";"tomato"
"Pindi chana";"tea bags"
"Pindi chana";"Fennel"
"Pithe";"wheat flour"
"Pithe";"Rice flour"
"Poha";"lemon juice"
"Poha";"green chilies"
"Poha";"curry leaves"
"Poha";"potato"
"Poha";"Beaten rice flakes"
"Pongal";"ghee"
"Pongal";"cashews"
"Pongal";"jaggery"
"Pongal";"Rice"
"Poornalu";"jaggery"
"Poornalu";"Chana dal"
"Pootharekulu";"ghee"
"Pootharekulu";"powdered sugar"
"Pootharekulu";"Rice flour"
"Poriyal";"mustard"
"Poriyal";"coconut"
"Poriyal";"beans"
"Poriyal";"urad dal"
"Poriyal";"Chana dal"
"Pork Bharta";"ginger and garlic"
"Pork Bharta";"chillies"
"Pork Bharta";"onions"
"Pork Bharta";"Boiled pork"
"Prawn malai curry";"sugar"
"Prawn malai curry";"turmeric"
"Prawn malai curry";"garlic"
"Prawn malai curry";"prawns"
"Prawn malai curry";"Coconut milk"
"Puli sadam";"curry leaves"
"Puli sadam";"cooked rice"
"Puli sadam";"tamarind"
"Puli sadam";"lemon"
"Puli sadam";"Urad dal"
"Puri Bhaji";"curry leaves"
"Puri Bhaji";"ginger"
"Puri Bhaji";"mustard"
"Puri Bhaji";"urad dal"
"Puri Bhaji";"Aloo"
"Puttu";"grated coconut"
"Puttu";"sugar"
"Puttu";"Brown rice flour"
"Qubani ka meetha";"sugar syrup"
"Qubani ka meetha";"Apricots"
"Rabri";"nuts"
"Rabri";"spices"
"Rabri";"sugar"
"Rabri";"Condensed milk"
"Rajma chaval";"mustard oil"
"Rajma chaval";"tomato"
"Rajma chaval";"ginger"
"Rajma chaval";"garam masala powder"
"Rajma chaval";"Red kidney beans"
"Ras malai";"pistachio"
"Ras malai";"reduced milk"
"Ras malai";"Chhena"
"Rasabali";"sweetened milk"
"Rasabali";"Chenna"
"Rasam";"hot water"
"Rasam";"mustard seeds"
"Rasam";"garlic"
"Rasam";"curry leaves"
"Rasam";"Tomato"
"Rasgulla";"cardamom"
"Rasgulla";"sugar"
"Rasgulla";"Chhena"
"Red Rice";"olive oil"
"Red Rice";"watercress"
"Red Rice";"butter"
"Red Rice";"red onion"
"Red Rice";"Red pepper"
"Rongi";"mustard oil"
"Rongi";"cinnamon"
"Rongi";"kasuri methi"
"Rongi";"tomato"
"Rongi";"Garam masala powder"
"Saath";"sooji"
"Saath";"wheat flour"
"Saath";"potatoes"
"Saath";"Urad dal"
"Sabudana Khichadi";"green chili"
"Sabudana Khichadi";"curry leaves"
"Sabudana Khichadi";"avocado oil"
"Sabudana Khichadi";"lemon"
"Sabudana Khichadi";"sabudana"
"Sabudana Khichadi";"Raw peanuts"
"Sambar";"tamarind"
"Sambar";"sambar powder"
"Sambar";"drumsticks"
"Sambar";"eggplant"
"Sambar";"Pigeon peas"
"Samosa";"dough"
"Samosa";"ginger"
"Samosa";"garam masala"
"Samosa";"green peas"
"Samosa";"Potatoes"
"Sandesh";"cardamom"
"Sandesh";"saffron"
"Sandesh";"sugar"
"Sandesh";"Milk"
"Sandige";"curry leaves"
"Sandige";"black sesame seeds"
"Sandige";"Thin rice flakes"
"Sattu ki roti";"mustard oil"
"Sattu ki roti";"filling"
"Sattu ki roti";"dough"
"Sattu ki roti";"atta"
"Sattu ki roti";"Sattu"
"Sev khamani";"garlic"
"Sev khamani";"powdered sugar"
"Sev khamani";"sev"
"Sev khamani";"pomegranate"
"Sev khamani";"Khaman"
"Sev tameta";"sugar"
"Sev tameta";"tomato"
"Sev tameta";"ginger"
"Sev tameta";"Sev"
"Sevai";"steamer"
"Sevai";"parboiled rice"
"Sevai";"Sevai"
"Shahi paneer";"tomato"
"Shahi paneer";"ginger"
"Shahi paneer";"garam masala"
"Shahi paneer";"malai"
"Shahi paneer";"Cottage cheese"
"Shahi tukra";"almonds"
"Shahi tukra";"saffron"
"Shahi tukra";"white bread slices"
"Shahi tukra";"milk"
"Shahi tukra";"Rose water"
"Shankarpali";"semolina"
"Shankarpali";"maida flour"
"Shankarpali";"ghee"
"Shankarpali";"Sugar"
"Sheer korma";"milk"
"Sheer korma";"Vermicelli pudding"
"Sheera";"milk"
"Sheera";"nuts"
"Sheera";"ghee"
"Sheera";"Semolina"
"Shrikhand";"cardamom"
"Shrikhand";"saffron"
"Shrikhand";"sugar"
"Shrikhand";"Curd"
"Shufta";"badam"
"Shufta";"pistachio"
"Shufta";"dried rose petals"
"Shufta";"dry dates"
"Shufta";"Cottage cheese"
"Shukto";"brinjal"
"Shukto";"banana"
"Shukto";"ridge gourd"
"Shukto";"bitter gourd"
"Shukto";"Green beans"
"Singori";"molu leaf"
"Singori";"coconut"
"Singori";"Khoa"
"Sohan halwa";"dry fruits"
"Sohan halwa";"ghee"
"Sohan halwa";"Corn flour"
"Sohan papdi";"cardamom"
"Sohan papdi";"milk"
"Sohan papdi";"sugar"
"Sohan papdi";"ghee"
"Sohan papdi";"Gram flour"
"Sukhdi";"clarified butter"
"Sukhdi";"gur"
"Sukhdi";"Whole wheat flour"
"Surnoli";"grated coconut"
"Surnoli";"jaggery"
"Surnoli";"raw rice"
"Surnoli";"yogurt"
"Surnoli";"Rice flakes"
"Sutar feni";"ghee"
"Sutar feni";"sugar"
"Sutar feni";"Maida"
"Tandoori Chicken";"mustard oil"
"Tandoori Chicken";"marinade"
"Tandoori Chicken";"kasuri methi"
"Tandoori Chicken";"garam masala"
"Tandoori Chicken";"Greek yogurt"
"Tandoori Fish Tikka";"green bell pepper"
"Tandoori Fish Tikka";"fish fillets"
"Tandoori Fish Tikka";"yogurt"
"Tandoori Fish Tikka";"biryani masala powder"
"Tandoori Fish Tikka";"Chickpea flour"
"Thalipeeth";"sesame seeds"
"Thalipeeth";"sorghum flour"
"Thalipeeth";"pearl millet flour"
"Thalipeeth";"rice flour"
"Thalipeeth";"Whole wheat flour"
"Thayir sadam";"mustard seeds"
"Thayir sadam";"curry leaves"
"Thayir sadam";"ginger"
"Thayir sadam";"sesame oil"
"Thayir sadam";"curd"
"Thayir sadam";"Urad dal"
"Theeyal";"tamarind"
"Theeyal";"sesame oil"
"Theeyal";"masala"
"Theeyal";"whole red beans"
"Theeyal";"Coconut"
"Thepla";"wheat flour"
"Thepla";"jowar flour"
"Thepla";"methi leaves"
"Thepla";"Chickpea flour"
"Til Pitha";"gur"
"Til Pitha";"black sesame seeds"
"Til Pitha";"Glutinous rice"
"Turiya Patra Vatana sabji";"peas"
"Turiya Patra Vatana sabji";"grated coconut"
"Turiya Patra Vatana sabji";"sugar"
"Turiya Patra Vatana sabji";"baking soda"
"Turiya Patra Vatana sabji";"Ridge gourd"
"Undhiyu";"green peas"
"Undhiyu";"valor papdi"
"Undhiyu";"baby potatoes"
"Undhiyu";"surti papdi"
"Undhiyu";"Sweet potato"
"Unni Appam";"coconut"
"Unni Appam";"jaggery"
"Unni Appam";"banana"
"Unni Appam";"Rice flour"
"Upma";"sugar"
"Upma";"curry leaves"
"Upma";"ginger"
"Upma";"urad dal"
"Upma";"Chana dal"
"Uttapam";"butter"
"Uttapam";"tomato"
"Uttapam";"thick poha"
"Uttapam";"urad dal"
"Uttapam";"Chana dal"
"Vada";"black pepper"
"Vada";"green chilies"
"Vada";"curry leaves"
"Vada";"ginger"
"Vada";"Urad dal"
"Veg Kolhapuri";"coconut"
"Veg Kolhapuri";"khus khus"
"Veg Kolhapuri";"beans"
"Veg Kolhapuri";"potato"
"Veg Kolhapuri";"Gobi"
"Vegetable jalfrezi";"carrot"
"Vegetable jalfrezi";"ginger"
"Vegetable jalfrezi";"garam masala"
"Vegetable jalfrezi";"french beans"
"Vegetable jalfrezi";"Baby corn"
"Vindaloo";"cinnamon"
"Vindaloo";"green"
"Vindaloo";"ginger"
"Vindaloo";"wine vinegar"
"Vindaloo";"coconut oil"
"Vindaloo";"Chicken"
"Zunka";"red chilli"
"Zunka";"turmeric"
"Zunka";"garlic"
"Zunka";"mustard"
"Zunka";"Gram flour"
